﻿<?xml version="1.0" encoding="utf-8" standalone="no"?>
<manifest identifier="_5saWlPhuHIB_course_id" version="1.3" xmlns="http://www.imsglobal.org/xsd/imscp_v1p1" xmlns:adlcp="http://www.adlnet.org/xsd/adlcp_v1p3" xmlns:adlseq="http://www.adlnet.org/xsd/adlseq_v1p3" xmlns:adlnav="http://www.adlnet.org/xsd/adlnav_v1p3" xmlns:imsss="http://www.imsglobal.org/xsd/imsss" xmlns:xsi="http://www.w3.org/2001/XMLSchema-instance" xmlns:lom="http://ltsc.ieee.org/xsd/LOM" xsi:schemaLocation="http://www.imsglobal.org/xsd/imscp_v1p1 imscp_v1p1.xsd
                              http://www.adlnet.org/xsd/adlcp_v1p3 adlcp_v1p3.xsd
                              http://www.adlnet.org/xsd/adlseq_v1p3 adlseq_v1p3.xsd
                              http://www.adlnet.org/xsd/adlnav_v1p3 adlnav_v1p3.xsd
							  http://www.imsglobal.org/xsd/imsss imsss_v1p0.xsd
							  http://ltsc.ieee.org/xsd/LOM lom.xsd">
  <metadata>
    <schema>ADL SCORM</schema>
    <schemaversion>2004 4th Edition</schemaversion>
    <adlcp:location>metadata.xml</adlcp:location>
  </metadata>
  <organizations default="SupportingClientswhouseMarijuanaModule3_ORG">
    <organization identifier="SupportingClientswhouseMarijuanaModule3_ORG" adlseq:objectivesGlobalToSystem="false">
      <title>SupportingClientswhouseMarijuanaModule3</title>
      <item identifier="Module_3_Symptoms_and_Care_for_the_Client_SCO" identifierref="__5saWlPhuHIB_course_id_RES" isvisible="true">
        <title>SupportingClientswhouseMarijuanaModule3</title>
      </item>
      <metadata>
        <adlcp:location>metadata.xml</adlcp:location>
      </metadata>
      <imsss:sequencing>
        <imsss:controlMode choice="true" flow="true" />
      </imsss:sequencing>
    </organization>
  </organizations>
  <resources>
    <resource identifier="__5saWlPhuHIB_course_id_RES" type="webcontent" adlcp:scormType="sco" href="index_lms.html">
      <file href="story_content/thumbnail.jpg" />
      <file href="story_content/5huk2661DUt_44100_48_0.mp3" />
      <file href="story_content/5sj9znUBp3s_captions.js" />
      <file href="story_content/5sj9znUBp3s_captions.swf" />
      <file href="story_content/5h0f5tZMUvH_80_DX392_DY392.swf" />
      <file href="mobile/5h0f5tZMUvH_80_DX392_DY392_CX303_CY103.png" />
      <file href="story_content/6eceGXp6TUp_80_DX42_DY42.jpg" />
      <file href="mobile/6eceGXp6TUp_80_DX42_DY42_CX33_CY33.jpg" />
      <file href="story_content/5ytb0heF0sZ_44100_48_0.mp3" />
      <file href="story_content/5o2z7mepuJA_captions.js" />
      <file href="story_content/5o2z7mepuJA_captions.swf" />
      <file href="story_content/5kQeuJrmUBQ_44100_48_0.mp3" />
      <file href="story_content/5d6OJfcSLGP_captions.js" />
      <file href="story_content/5d6OJfcSLGP_captions.swf" />
      <file href="story_content/6AA0um0D74G_80_DX264_DY264.swf" />
      <file href="mobile/6AA0um0D74G_80_DX264_DY264_CX206_CY70.png" />
      <file href="story_content/6MZlEYg39X0_80_RFFF06B_DX110_DY110.swf" />
      <file href="mobile/6MZlEYg39X0_80_RFFF06B_DX110_DY110_CX86_CY86.png" />
      <file href="story_content/5m4j4RzUN8K_80_DX110_DY110.swf" />
      <file href="mobile/5m4j4RzUN8K_80_DX110_DY110_CX86_CY86.png" />
      <file href="story_content/6L2BHqFOJx9_44100_48_0.mp3" />
      <file href="story_content/5jMsmf0v1YX_captions.js" />
      <file href="story_content/5jMsmf0v1YX_captions.swf" />
      <file href="story_content/6Z3d86VwEhM_80_DX298_DY298.swf" />
      <file href="mobile/6Z3d86VwEhM_80_DX298_DY298_CX230_CY78.png" />
      <file href="story_content/6FkNSHJRvby_80_DX710_DY710.jpg" />
      <file href="mobile/6FkNSHJRvby_80_DX710_DY710_CX372_CY558.jpg" />
      <file href="story_content/65QdvsGm7Oc_44100_48_0.mp3" />
      <file href="story_content/6ZpMA1NArb1_captions.js" />
      <file href="story_content/6ZpMA1NArb1_captions.swf" />
      <file href="story_content/5l0nFEekvfW_44100_48_0.mp3" />
      <file href="story_content/6plzX7Fhq92_captions.js" />
      <file href="story_content/6plzX7Fhq92_captions.swf" />
      <file href="story_content/6OgBmPshDH9_44100_48_0.mp3" />
      <file href="story_content/5hzJwoKi9Mu_captions.js" />
      <file href="story_content/5hzJwoKi9Mu_captions.swf" />
      <file href="story_content/6Px5BLDevMF_44100_48_0.mp3" />
      <file href="story_content/61CjjOxpR6C_captions.js" />
      <file href="story_content/61CjjOxpR6C_captions.swf" />
      <file href="story_content/67nypFDlLoO_44100_48_0.mp3" />
      <file href="story_content/6ZsCcHk7FFA_captions.js" />
      <file href="story_content/6ZsCcHk7FFA_captions.swf" />
      <file href="story_content/6HNuT3fp5i5_80_P_0_0_1951_1335_DX530_DY530.swf" />
      <file href="mobile/6HNuT3fp5i5_80_P_0_0_1951_1335_DX530_DY530_CX407_CY278.png" />
      <file href="story_content/6WX4SbeRVUz_80_P_-11_0_1851_1300_DX506_DY506.swf" />
      <file href="mobile/6WX4SbeRVUz_80_P_-11_0_1851_1300_DX506_DY506_CX398_CY279.png" />
      <file href="story_content/67tLglD5JQw_44100_48_0.mp3" />
      <file href="story_content/6J8SuRXfBUY_captions.js" />
      <file href="story_content/6J8SuRXfBUY_captions.swf" />
      <file href="story_content/txt__default_6LZ5nv0Um6l.swf" />
      <file href="story_content/5YjYBg1h7Nl_44100_48_0.mp3" />
      <file href="story_content/6hAjGh0EMmG_captions.js" />
      <file href="story_content/6hAjGh0EMmG_captions.swf" />
      <file href="story_content/6S5W2PBM0jL_44100_48_0.mp3" />
      <file href="story_content/6oWCEGB4QPs_captions.js" />
      <file href="story_content/6oWCEGB4QPs_captions.swf" />
      <file href="story_content/5X5MgodxS6f_44100_48_0.mp3" />
      <file href="story_content/5uUoMGVWBda_captions.js" />
      <file href="story_content/5uUoMGVWBda_captions.swf" />
      <file href="story_content/5eoEHO1uZ05_44100_48_0.mp3" />
      <file href="story_content/5j2OQltcH9w_captions.js" />
      <file href="story_content/5j2OQltcH9w_captions.swf" />
      <file href="story_content/6hLkW88pXlr_44100_48_0.mp3" />
      <file href="story_content/5p5FDtjHVMS_captions.js" />
      <file href="story_content/5p5FDtjHVMS_captions.swf" />
      <file href="story_content/62mRG91LkPd_44100_48_0.mp3" />
      <file href="story_content/6Rlj18438DQ_captions.js" />
      <file href="story_content/6Rlj18438DQ_captions.swf" />
      <file href="story_content/6i3Fa5riMcW_44100_48_0.mp3" />
      <file href="story_content/5xANVZh7cx9_captions.js" />
      <file href="story_content/5xANVZh7cx9_captions.swf" />
      <file href="story_content/5mcpVtMEXT4_44100_48_0.mp3" />
      <file href="story_content/6FUpib4iADr_captions.js" />
      <file href="story_content/6FUpib4iADr_captions.swf" />
      <file href="story_content/5cUkrFO2rdd_44100_48_0.mp3" />
      <file href="story_content/5yea05ckIgi_captions.js" />
      <file href="story_content/5yea05ckIgi_captions.swf" />
      <file href="story_content/6ozX0ZJDHUd_80_P_618_0_1253_1365_DX1112_DY1112.swf" />
      <file href="mobile/6ozX0ZJDHUd_80_P_618_0_1253_1365_DX1112_DY1112_CX535_CY583.png" />
      <file href="story_content/5uttldigTmR_44100_48_0.mp3" />
      <file href="story_content/62WH3bU8ZR0_captions.js" />
      <file href="story_content/62WH3bU8ZR0_captions.swf" />
      <file href="story_content/6LO0xL32Zmb_44100_48_0.mp3" />
      <file href="story_content/5h3hku2ayEg_captions.js" />
      <file href="story_content/5h3hku2ayEg_captions.swf" />
      <file href="mobile/6ozX0ZJDHUd_80_P_618_0_1253_1365_DX1112_DY1112_CX154_CY168.png" />
      <file href="story_content/6pa1mQ8mtK1_44100_48_0.mp3" />
      <file href="story_content/6nYvobr3kRY_captions.js" />
      <file href="story_content/6nYvobr3kRY_captions.swf" />
      <file href="story_content/61nUAPUTCep_80_DX816_DY816.swf" />
      <file href="mobile/61nUAPUTCep_80_DX816_DY816_CX642_CY576.png" />
      <file href="story_content/6l2UgOpJTeP_44100_48_0.mp3" />
      <file href="story_content/5dLOiVWTJcq_captions.js" />
      <file href="story_content/5dLOiVWTJcq_captions.swf" />
      <file href="story_content/61nUAPUTCep_80_DX814_DY814.swf" />
      <file href="mobile/61nUAPUTCep_80_DX814_DY814_CX321_CY288.png" />
      <file href="story_content/6gFt3Gx94f8_44100_48_0.mp3" />
      <file href="story_content/5avE7pOc4Uv_captions.js" />
      <file href="story_content/5avE7pOc4Uv_captions.swf" />
      <file href="story_content/5khqkZS1AcO_44100_48_0.mp3" />
      <file href="story_content/5yrOB5sj1ci_captions.js" />
      <file href="story_content/5yrOB5sj1ci_captions.swf" />
      <file href="story_content/6WfVF59gmZG_44100_48_0.mp3" />
      <file href="story_content/68Btjgk65PA_captions.js" />
      <file href="story_content/68Btjgk65PA_captions.swf" />
      <file href="story_content/6Sq9433klIo_44100_48_0.mp3" />
      <file href="story_content/5ZL7DihWlpa_captions.js" />
      <file href="story_content/5ZL7DihWlpa_captions.swf" />
      <file href="story_content/6KeDejb5qu6_44100_48_0.mp3" />
      <file href="story_content/6D2czhPrQYJ_captions.js" />
      <file href="story_content/6D2czhPrQYJ_captions.swf" />
      <file href="story_content/6EI1b9mLx8O_44100_48_0.mp3" />
      <file href="story_content/60nPzALqlLk_captions.js" />
      <file href="story_content/60nPzALqlLk_captions.swf" />
      <file href="story_content/6GGoOMXQlxn_44100_48_0.mp3" />
      <file href="story_content/6auGTD1oFqX_captions.js" />
      <file href="story_content/6auGTD1oFqX_captions.swf" />
      <file href="story_content/63aTbspLmYG_44100_48_0.mp3" />
      <file href="story_content/5v29NMWBEeH_captions.js" />
      <file href="story_content/5v29NMWBEeH_captions.swf" />
      <file href="story_content/69GOaN0zTjZ_44100_48_0.mp3" />
      <file href="story_content/6lnIUxbcUdN_captions.js" />
      <file href="story_content/6lnIUxbcUdN_captions.swf" />
      <file href="story_content/5eOooKzVFP7_80_DX186_DY186.jpg" />
      <file href="mobile/5eOooKzVFP7_80_DX186_DY186_CX146_CY146.jpg" />
      <file href="story_content/5XYr5cGfqlW_44100_48_0.mp3" />
      <file href="story_content/6BSb106RrNt_captions.js" />
      <file href="story_content/6BSb106RrNt_captions.swf" />
      <file href="story_content/6JQtiODf2SK_44100_48_0.mp3" />
      <file href="story_content/6Vc4nRphKsD_captions.js" />
      <file href="story_content/6Vc4nRphKsD_captions.swf" />
      <file href="story_content/6GlHLOHuUCE_80_DX1272_DY1272.jpg" />
      <file href="mobile/6GlHLOHuUCE_80_DX1272_DY1272_CX636_CY290.jpg" />
      <file href="story_content/6brLTRpPn3L_44100_48_0.mp3" />
      <file href="story_content/5r6JDSzQduH_captions.js" />
      <file href="story_content/5r6JDSzQduH_captions.swf" />
      <file href="story_content/67HrtRFCECI_X_80_DX382_DY382.swf" />
      <file href="mobile/67HrtRFCECI_X_80_DX382_DY382_CX76_CY191.png" />
      <file href="story_content/6hdgaovZLKx_80_DX378_DY378.swf" />
      <file href="mobile/6hdgaovZLKx_80_DX378_DY378_CX112_CY189.png" />
      <file href="story_content/6X13W9UvIGe_44100_48_0.mp3" />
      <file href="story_content/6MVeU7Yp55X_captions.js" />
      <file href="story_content/6MVeU7Yp55X_captions.swf" />
      <file href="story_content/654eHsTJo42_44100_48_0.mp3" />
      <file href="story_content/5XCZRhEgUyi_captions.js" />
      <file href="story_content/5XCZRhEgUyi_captions.swf" />
      <file href="story_content/6YjX38NbCq0_80_DX574_DY574.jpg" />
      <file href="mobile/6YjX38NbCq0_80_DX574_DY574_CX450_CY300.jpg" />
      <file href="story_content/6eTy4XuELq0_44100_48_0.mp3" />
      <file href="story_content/5rEXbN7okSB_captions.js" />
      <file href="story_content/5rEXbN7okSB_captions.swf" />
      <file href="story_content/6iMXBywDIEq_80_DX1158_DY1158.jpg" />
      <file href="mobile/6iMXBywDIEq_80_DX1158_DY1158_CX911_CY607.jpg" />
      <file href="story_content/69SZLtZCvS3_44100_48_0.mp3" />
      <file href="story_content/5n1uxZfAnW4_captions.js" />
      <file href="story_content/5n1uxZfAnW4_captions.swf" />
      <file href="story_content/6oGaB2cIWlm_80_P_0_143_1333_1799_DX1080_DY1080.swf" />
      <file href="mobile/6oGaB2cIWlm_80_P_0_143_1333_1799_DX1080_DY1080_CX566_CY764.png" />
      <file href="story_content/5yaksGomXKk_44100_48_0.mp3" />
      <file href="story_content/5eOKbDuDY0J_captions.js" />
      <file href="story_content/5eOKbDuDY0J_captions.swf" />
      <file href="story_content/6EWsaIzVaK0_80_DX640_DY640.jpg" />
      <file href="mobile/6EWsaIzVaK0_80_DX640_DY640_CX503_CY335.jpg" />
      <file href="story_content/5xMca6Jj9Ab_44100_48_0.mp3" />
      <file href="story_content/6GpCtuEnKGh_captions.js" />
      <file href="story_content/6GpCtuEnKGh_captions.swf" />
      <file href="story_content/6TE1dS9M6Zd_80_P_0_0_2048_1112_DX1440_DY1440.swf" />
      <file href="mobile/6TE1dS9M6Zd_80_P_0_0_2048_1112_DX1440_DY1440_CX1132_CY615.png" />
      <file href="story_content/5qhKok6CDhc_44100_48_0.mp3" />
      <file href="story_content/6XLeDYTwsPB_captions.js" />
      <file href="story_content/6XLeDYTwsPB_captions.swf" />
      <file href="story_content/6kKi5S0ar21_80_DX462_DY462.jpg" />
      <file href="mobile/6kKi5S0ar21_80_DX462_DY462_CX363_CY242.jpg" />
      <file href="story_content/6jOZ7WMEATv_80_DX462_DY462.jpg" />
      <file href="mobile/6jOZ7WMEATv_80_DX462_DY462_CX363_CY245.jpg" />
      <file href="story_content/6PwluVYGE4F_80_DX452_DY452.jpg" />
      <file href="mobile/6PwluVYGE4F_80_DX452_DY452_CX354_CY236.jpg" />
      <file href="story_content/6FOfFEXU4D9_44100_48_0.mp3" />
      <file href="story_content/6bBgKRaXj2w_captions.js" />
      <file href="story_content/6bBgKRaXj2w_captions.swf" />
      <file href="story_content/6A52p8pJRES_80_DX750_DY750.jpg" />
      <file href="mobile/6A52p8pJRES_80_DX750_DY750_CX590_CY393.jpg" />
      <file href="story_content/6gYDZyQFKtD_44100_48_0.mp3" />
      <file href="story_content/6BieNfc4PJA_captions.js" />
      <file href="story_content/6BieNfc4PJA_captions.swf" />
      <file href="story_content/6pqGKbDqzUM_80_DX840_DY840.jpg" />
      <file href="mobile/6pqGKbDqzUM_80_DX840_DY840_CX661_CY506.jpg" />
      <file href="story_content/5s57gRMAGOR_44100_48_0.mp3" />
      <file href="story_content/6CKUyPyt92Z_captions.js" />
      <file href="story_content/6CKUyPyt92Z_captions.swf" />
      <file href="story_content/6R6bK0a5ftR_44100_48_0.mp3" />
      <file href="story_content/5pR7htm3lYv_captions.js" />
      <file href="story_content/5pR7htm3lYv_captions.swf" />
      <file href="meta.xml" />
      <file href="story_content/FontFactory.swf" />
      <file href="story_content/fonts.swf" />
      <file href="mobile/5mZSINyc1QR.png" />
      <file href="story_content/logo.swf" />
      <file href="story_content/6dHH0PGrWpP.png" />
      <file href="story_content/6dAFFlwQEr1.png" />
      <file href="story_content/frame.xml" />
      <file href="story_content/user.js" />
      <file href="story_content/external_files/References.pdf" />
      <file href="story_content/external_files/Stigma Words.pdf" />
      <file href="mobile/txt__default_6LZ5nv0Um6l.png" />
      <file href="story.swf" />
      <file href="story_content/frame.swf" />
      <file href="story_content/slides/5j3XV8kwv0Y.swf" />
      <file href="story_content/slides/60mM8Cb5lq6.swf" />
      <file href="story_content/slides/6ZNog3dyJla.swf" />
      <file href="story_content/slides/6mj3H9UH5so.swf" />
      <file href="story_content/slides/5fikmypILE4.swf" />
      <file href="story_content/slides/6C4f2eB7gyl.swf" />
      <file href="story_content/slides/5nN7vTux0cw.swf" />
      <file href="story_content/slides/6PjfytU6JkN.swf" />
      <file href="story_content/slides/5q7aNOh69zt.swf" />
      <file href="story_content/slides/6P9fz8OVbmK.swf" />
      <file href="story_content/slides/6VGK4lN4zND.swf" />
      <file href="story_content/slides/5mh4pSNjE98.swf" />
      <file href="story_content/slides/62wybkjkBv5.swf" />
      <file href="story_content/slides/61mpdJCNvJK.swf" />
      <file href="story_content/slides/5ak6cg0THo6.swf" />
      <file href="story_content/slides/5VFKFGHnZ0a.swf" />
      <file href="story_content/slides/6PaDBoxbTMp.swf" />
      <file href="story_content/slides/5sfDPe5vZMR.swf" />
      <file href="story_content/slides/6Du35ian8BY.swf" />
      <file href="story_content/slides/5VWiTuN5bdI.swf" />
      <file href="story_content/slides/5snVRHuWEYg.swf" />
      <file href="story_content/slides/67krcZ0rZep.swf" />
      <file href="story_content/slides/5dbyU4ahTb8.swf" />
      <file href="story_content/slides/60LRqHK68Uh.swf" />
      <file href="story_content/slides/5yQaNq1vPs5.swf" />
      <file href="story_content/slides/6pQpLKZt4gv.swf" />
      <file href="story_content/slides/6i644gHXTGD.swf" />
      <file href="story_content/slides/6ZXavzhCva7.swf" />
      <file href="story_content/slides/6inaO8IPecc.swf" />
      <file href="story_content/slides/6LPHhIkbRFl.swf" />
      <file href="story_content/slides/6FFzm0i7pNY.swf" />
      <file href="story_content/slides/65oqgQymONx.swf" />
      <file href="story_content/slides/6jk5DdguTpA.swf" />
      <file href="story_content/slides/6FNk3AgZOML.swf" />
      <file href="story_content/slides/5zb0GAPNrin.swf" />
      <file href="story_content/slides/5g09NjbQt6T.swf" />
      <file href="story_content/slides/61s5zvsuXua.swf" />
      <file href="story_content/data.swf" />
      <file href="html5/data/css/output.min.css" />
      <file href="html5/data/js/5ak6cg0THo6.js" />
      <file href="html5/data/js/5dbyU4ahTb8.js" />
      <file href="html5/data/js/5fikmypILE4.js" />
      <file href="html5/data/js/5g09NjbQt6T.js" />
      <file href="html5/data/js/5j3XV8kwv0Y.js" />
      <file href="html5/data/js/5mh4pSNjE98.js" />
      <file href="html5/data/js/5nN7vTux0cw.js" />
      <file href="html5/data/js/5q7aNOh69zt.js" />
      <file href="html5/data/js/5sfDPe5vZMR.js" />
      <file href="html5/data/js/5snVRHuWEYg.js" />
      <file href="html5/data/js/5VFKFGHnZ0a.js" />
      <file href="html5/data/js/5VWiTuN5bdI.js" />
      <file href="html5/data/js/5yQaNq1vPs5.js" />
      <file href="html5/data/js/5zb0GAPNrin.js" />
      <file href="html5/data/js/60LRqHK68Uh.js" />
      <file href="html5/data/js/60mM8Cb5lq6.js" />
      <file href="html5/data/js/61mpdJCNvJK.js" />
      <file href="html5/data/js/61s5zvsuXua.js" />
      <file href="html5/data/js/62wybkjkBv5.js" />
      <file href="html5/data/js/65oqgQymONx.js" />
      <file href="html5/data/js/67krcZ0rZep.js" />
      <file href="html5/data/js/6C4f2eB7gyl.js" />
      <file href="html5/data/js/6Du35ian8BY.js" />
      <file href="html5/data/js/6FFzm0i7pNY.js" />
      <file href="html5/data/js/6FNk3AgZOML.js" />
      <file href="html5/data/js/6i644gHXTGD.js" />
      <file href="html5/data/js/6inaO8IPecc.js" />
      <file href="html5/data/js/6jk5DdguTpA.js" />
      <file href="html5/data/js/6LPHhIkbRFl.js" />
      <file href="html5/data/js/6mj3H9UH5so.js" />
      <file href="html5/data/js/6P9fz8OVbmK.js" />
      <file href="html5/data/js/6PaDBoxbTMp.js" />
      <file href="html5/data/js/6PjfytU6JkN.js" />
      <file href="html5/data/js/6pQpLKZt4gv.js" />
      <file href="html5/data/js/6VGK4lN4zND.js" />
      <file href="html5/data/js/6ZNog3dyJla.js" />
      <file href="html5/data/js/6ZXavzhCva7.js" />
      <file href="html5/data/js/data.js" />
      <file href="html5/data/js/frame.js" />
      <file href="html5/data/js/paths.js" />
      <file href="html5/lib/scripts/bootstrapper.min.js" />
      <file href="html5/lib/scripts/frame.desktop.min.js" />
      <file href="html5/lib/scripts/frame.mobile.min.js" />
      <file href="html5/lib/scripts/slides.min.js" />
      <file href="html5/lib/stylesheets/desktop.min.css" />
      <file href="html5/lib/stylesheets/mobile.min.css" />
      <file href="html5/lib/stylesheets/mobile-fonts/open-sans-bold.woff" />
      <file href="html5/lib/stylesheets/mobile-fonts/open-sans-light.woff" />
      <file href="html5/lib/stylesheets/mobile-fonts/open-sans-regular.woff" />
      <file href="analytics-frame.html" />
      <file href="story.html" />
      <file href="story_html5.html" />
      <file href="story_flash.html" />
      <file href="story_content/story.js" />
      <file href="story_content/blank.html" />
      <file href="index_lms.html" />
      <file href="index_lms_flash.html" />
      <file href="index_lms_html5.html" />
      <file href="lms/AICCComm.html" />
      <file href="lms/AICCFunctions.js" />
      <file href="lms/API.js" />
      <file href="lms/APIConstants.js" />
      <file href="lms/blank.html" />
      <file href="lms/browsersniff.js" />
      <file href="lms/Configuration.js" />
      <file href="lms/goodbye.html" />
      <file href="lms/lms.js" />
      <file href="lms/LMSAPI.js" />
      <file href="lms/NONEFunctions.js" />
      <file href="lms/SCORM2004Functions.js" />
      <file href="lms/scormdriver.js" />
      <file href="lms/SCORMFunctions.js" />
      <file href="lms/UtilityFunctions.js" />
    </resource>
  </resources>
</manifest>