<?xml version="1.0" standalone="no" ?>
<manifest identifier="FzIlf4NQGgupZjDElCRsM-HTtga5f5ACVkICDQ9P" version="1.3"
  xmlns="http://www.imsglobal.org/xsd/imscp_v1p1"
  xmlns:xsi="http://www.w3.org/2001/XMLSchema-instance"
  xmlns:adlcp="http://www.adlnet.org/xsd/adlcp_v1p3"
  xmlns:adlseq="http://www.adlnet.org/xsd/adlseq_v1p3"
  xmlns:adlnav="http://www.adlnet.org/xsd/adlnav_v1p3"
  xmlns:imsss="http://www.imsglobal.org/xsd/imsss"
  xsi:schemaLocation="http://www.imsglobal.org/xsd/imscp_v1p1 imscp_v1p1.xsd
                      http://www.adlnet.org/xsd/adlcp_v1p3 adlcp_v1p3.xsd
                      http://www.adlnet.org/xsd/adlseq_v1p3 adlseq_v1p3.xsd
                      http://www.adlnet.org/xsd/adlnav_v1p3 adlnav_v1p3.xsd
                      http://www.imsglobal.org/xsd/imsss imsss_v1p0.xsd">
  <metadata>
    <schema>ADL SCORM</schema>
    <schemaversion>2004 4th Edition</schemaversion>
    <adlcp:location>metadata.xml</adlcp:location>
  </metadata>
  <organizations default="B0">
    <organization identifier="B0" adlseq:objectivesGlobalToSystem="false">
      <title>Engaging Other Children in the Home</title>
      <item identifier="i1" identifierref="r1" isvisible="true">
        <title>Engaging Other Children in the Home</title>
        <adlcp:dataFromLMS>eyJjcHYiOiJWa0lDRFE5UCIsInJsZCI6ZmFsc2V9</adlcp:dataFromLMS>
        <imsss:sequencing>
          <imsss:deliveryControls tracked="true" completionSetByContent="true" objectiveSetByContent="true"/>
        </imsss:sequencing>
      </item>
      <metadata>
        <adlcp:location>metadata.xml</adlcp:location>
      </metadata>
      <imsss:sequencing>
        <imsss:controlMode choice="true" flow="true"/>
        <imsss:deliveryControls tracked="true" completionSetByContent="false" objectiveSetByContent="false"/>
      </imsss:sequencing>
    </organization>
  </organizations>
  <resources>
    <resource identifier="r1" type="webcontent" adlcp:scormType="sco" href="scormdriver/indexAPI.html">
      <!-- SCORMDRIVER STUFF -->
      <file href="scormdriver/LICENSE.txt" />
      <file href="scormdriver/indexAPI.html" />
      <file href="scormdriver/preloadIntegrity.js" />
      <file href="scormdriver/driverOptions.js" />
      <file href="scormdriver/AICCComm.html" />
      <file href="scormdriver/auto-scripts/AutoBookmark.js" />
      <file href="scormdriver/auto-scripts/AutoCompleteSCO.js" />
      <file href="scormdriver/auto-scripts/CourseExit.js" />
      <file href="scormdriver/blank.html" />
      <file href="scormdriver/goodbye.html" />
      <file href="scormdriver/scormdriver.js" />
      <file href="scormdriver/browsersniff.js" />
      <file href="scormcontent/lib/main.bundle.js"/>

      <!-- RUNTIME COMMON STUFF -->
      <file href="scormcontent/index.html" />

      
        <file href="scormcontent/lib/fonts/icomoon.ttf"/>
        <file href="scormcontent/lib/fonts/icomoon.woff"/>

        <file href="scormcontent/lib/icomoon.css"/>
        <file href="scormcontent/lib/main.bundle.css"/>
        <file href="scormcontent/lib/player-0.0.11.min.js"/>
        <file href="scormcontent/lib/lzwcompress.js"/>
      

      <!-- RUNTIME CONTENT STUFF -->
      <file href="scormcontent/assets/0Cyodw27hdqjB4sm/player-interface.js" />
<file href="scormcontent/assets/0Cyodw27hdqjB4sm/analytics-frame.html" />
<file href="scormcontent/assets/0Cyodw27hdqjB4sm/html5/data/css/output.min.css" />
<file href="scormcontent/assets/0Cyodw27hdqjB4sm/html5/data/js/6WiQSpjEtCx.js" />
<file href="scormcontent/assets/0Cyodw27hdqjB4sm/html5/data/js/6hmHwoYeb1m.js" />
<file href="scormcontent/assets/0Cyodw27hdqjB4sm/html5/data/js/6phlN0M1Kov.js" />
<file href="scormcontent/assets/0Cyodw27hdqjB4sm/html5/data/js/6pm35uTFchq.js" />
<file href="scormcontent/assets/0Cyodw27hdqjB4sm/html5/data/js/data.js" />
<file href="scormcontent/assets/0Cyodw27hdqjB4sm/html5/data/js/frame.js" />
<file href="scormcontent/assets/0Cyodw27hdqjB4sm/html5/data/js/paths.js" />
<file href="scormcontent/assets/0Cyodw27hdqjB4sm/html5/lib/scripts/bootstrapper.min.js" />
<file href="scormcontent/assets/0Cyodw27hdqjB4sm/html5/lib/scripts/frame.desktop.min.js" />
<file href="scormcontent/assets/0Cyodw27hdqjB4sm/html5/lib/scripts/frame.mobile.min.js" />
<file href="scormcontent/assets/0Cyodw27hdqjB4sm/html5/lib/scripts/slides.min.js" />
<file href="scormcontent/assets/0Cyodw27hdqjB4sm/html5/lib/stylesheets/desktop.min.css" />
<file href="scormcontent/assets/0Cyodw27hdqjB4sm/html5/lib/stylesheets/mobile-fonts/open-sans-bold.woff" />
<file href="scormcontent/assets/0Cyodw27hdqjB4sm/html5/lib/stylesheets/mobile-fonts/open-sans-light.woff" />
<file href="scormcontent/assets/0Cyodw27hdqjB4sm/html5/lib/stylesheets/mobile-fonts/open-sans-regular.woff" />
<file href="scormcontent/assets/0Cyodw27hdqjB4sm/html5/lib/stylesheets/mobile.min.css" />
<file href="scormcontent/assets/0Cyodw27hdqjB4sm/meta.xml" />
<file href="scormcontent/assets/0Cyodw27hdqjB4sm/story.html" />
<file href="scormcontent/assets/0Cyodw27hdqjB4sm/story_content/thumbnail.jpg" />
<file href="scormcontent/assets/0Cyodw27hdqjB4sm/story_content/user.js" />
<file href="scormcontent/assets/0Cyodw27hdqjB4sm/threeSixty.json" />
<file href="scormcontent/lib/fonts/OpenSans-Light.woff" />
<file href="scormcontent/lib/fonts/OpenSans-Regular.woff" />
<file href="scormcontent/lib/fonts/OpenSans-Bold.woff" />
<file href="scormcontent/lib/fonts/OpenSans-Italic.woff" />
<file href="scormcontent/lib/fonts/Roboto-Light.woff" />
<file href="scormcontent/lib/fonts/Roboto-Regular.woff" />
<file href="scormcontent/lib/fonts/Roboto-Bold.woff" />
<file href="scormcontent/lib/fonts/Roboto-Italic.woff" />
<file href="scormcontent/lib/fonts/Roboto-Black.woff" />
<file href="scormcontent/lib/fonts/Lato-Light.woff" />
<file href="scormcontent/lib/fonts/Lato-Regular.woff" />
<file href="scormcontent/lib/fonts/Lato-Bold.woff" />
<file href="scormcontent/lib/fonts/Lato-Italic.woff" />
<file href="scormcontent/lib/fonts/Lato-Black.woff" />
<file href="scormcontent/assets/LSjU8O6J_GcStdpD_small.png" />
<file href="scormcontent/assets/1dmfq_CI63zP-tVN_uGChHcChdeqzH72r.jpg" />
<file href="scormcontent/assets/68q6RwBbMlaNl5hD_hP0VVqeEI7WDcDu5-recording.mp3" />
<file href="scormcontent/assets/FnbpjetPKqxwz_QX_mountains.jpg" />
<file href="scormcontent/assets/kzZVwyLYq4O5bGnL_Ax7v2EzEjqcskZq-.jpg" />
<file href="scormcontent/assets/j-hyIoWebuqCVZ6A_IIKxRZ_J9SP-94sL.jpg" />
<file href="scormcontent/assets/6TM-FO20sZ0qNTW0_838UQMMV98oR1odm.jpg" />
<file href="scormcontent/assets/phAyDkCmG26B2gr7_ot3RJiSiU9Bn23fS.jpg" />
<file href="scormcontent/assets/X2GOoqakV-jSsiJT_IWNxY--dLh3I0t2s.png" />
<file href="scormcontent/assets/SrlQYOfgEoXnk_rM_GfOzgmVLeWVip7-d-recording.mp3" />
<file href="scormcontent/assets/X27XVFfzQ_yVzdpx_8p85hesvHHbWkPX0.jpg" />
<file href="scormcontent/assets/jI1P4B9YccmX5SBe_mPn5V2c33ie-J3xp.jpg" />
<file href="scormcontent/assets/vI6jjrRI7R7NPZnT_V7R5wPGFaE79ayw_.jpg" />
<file href="scormcontent/assets/pELlmGHXUWC4an_Z_xcRDVdd66hwKuv5E-recording.mp3" />
<file href="scormcontent/assets/xjw7mziR0JzF29B7_U4-XlyQUtyYgJMqY.jpg" />
<file href="scormcontent/assets/8WCVUZCg8JrLBY54_u1kPOcre70nRy9uh.jpg" />
<file href="scormcontent/assets/qxEzDvKCvQBnk305_R7yjNJIEWZvCRVtT.jpg" />
<file href="scormcontent/assets/UAjRRO9MXDXWNvCx_3VsoM1vy7-zUpqih.jpg" />
<file href="scormcontent/assets/CJm8p8Qcnexxw9Fp_mobZ3VRnyTDhOAxh.jpg" />
<file href="scormcontent/assets/rjbDmyVUMPQCybtz_aLOCKlJ3qbDtqWAt.png" />
<file href="scormcontent/assets/wu2dOAfb27OiKBUZ_o2mANsbIv623yxzc-recording.mp3" />
<file href="scormcontent/assets/EWOxbKClCgOfxSij_MLmTRbRDxIlou-PS.jpg" />
<file href="scormcontent/assets/Pb46DzsDzh2EjZ8-_BmRIqw4NktErAQCB.jpg" />
<file href="scormcontent/assets/q81hBb2rUjbngntJ_L4ytUNO1e4ON3SNC.jpg" />
<file href="scormcontent/assets/8hSocWwUkKdUNZ3Z_eSPue2J7_tIPxQ4b.jpg" />
<file href="scormcontent/assets/Fn8bmrVkhHrms9JZ_-KkNTl9Fr12JG-0t.jpg" />
<file href="scormcontent/assets/uod4Op-AOm3JXIWG_yanFXHqhV4m-S9eq.jpg" />
<file href="scormcontent/assets/nXzSV4vwCmpe4NLj_64hLhblrZ6IBTYVq-recording.mp3" />
<file href="scormcontent/assets/zzkXQxsTfRBrxyd9_d_AUu5TDgZfpAbhH.jpg" />
<file href="scormcontent/assets/2czRxvEemB-ADLou_story.html" />
<file href="scormcontent/assets/_rLxsKhhclu2Qikn_IjdnXz6HLF5OaiZE.jpg" />
<file href="scormcontent/assets/tGDbYZV87BwKraAV_Fh4w6i6gFh28tmCJ.jpg" />

    </resource>
  </resources>
</manifest>
